"(S)-(+)-2-PHENYLBUTYRICACID99%,1G",4.0
*HICROMEEBSLAGARBASE,2.0
-40°CDEEPFREEZER,1.0
-86°CULTRA-LOWTEMPERATUREFREEZER(MINUS80CDEEPFREEZER),1.0
01KVAOFFLINEUPS,4.0
01KVAONLINEUPS,1.6666666666666667
06KVAISOLATION,1.0
"1""FILTERMPVAUTO",2.0
"1000ULFILTERTIP,RACK,STERILE,96TIPS/RACK",20.0
1000VA/700WISOLATION,1.8888888888888888
"1000µLPIPETTETIPS,STERILE,96PCS/RACK",30.0
1059,70.0
10KVAONLINEUPS,1.0
10LEADPATIENTCABLE(10LEADPATIENTCABLEFORECGRECORDERS),1.6666666666666667
10LEADPATIENTCABLEFORECGRECORDERS,4.846153846153846
12*50MLANGLEHEADWITHPOLYPROPYLENETUBES,1.0
16X15MLSWINGOUTHEADWITHGRADUA.GLASSTUBES,1.6666666666666667
1KVAONLINEUPS,1.6428571428571428
1_CHECGPAPERROLL50MMX20MM,133.2
"2-PROPANOLREAGACS,2.5L(ISOPROPYLALCOHOL)ISOPROPANOL,PROPYLALCOHOL",80.0
2000VA/1400WISOLATION,1.9333333333333333
2KVAONLINEUPS,1.7560975609756098
"3/4""TOPDISTRIBUTOR",2.0
36BUCKETSCENTRIFUGE(LABORATORYCENTRIFUGE),1.0
3KVAISOLATION,1.0
3KVAONLINEUPS,1.2
3LEADPATIENTCABLEFORCPMMONITORS,6.5
3M™PETRIFILM™E.COLI/COLIFORMCOUNTPLATES,2.0
3M™PETRIFILM™YEASTANDMOLDCOUNTPLATES,1.0
3PARTHEMATOLOGYANALYSER,3.0
3PARTHEMATOLOGYANALYZER(BC-30SAUTOHEMATOLOGYANALYSER),1.0
3_CHECGPAPERROLL63MMX20MM,50.0
4CHANNELCOAGULOMETER(M-4FOURCHANNELCOAGULATIONANALYSER),3.0
4PLACESWINGOUTHEADS,5.0
4PLACESWINGOUTHEADWITHSETOF4METALCARRIESWITHCAPACITYOF200MLWITHBIOSAFETYCAP,1.0
4PLACESWINGOUTROTOR,5.857142857142857
4placeswingoutrotor,10.0
"5-SULFOSALICYLICACID2H2O,REAGENTPLUS®,?99%,1KG[SYNONYM:2-HYDROXY-5-SULFOBENZOICACID]",4.0
"5-SULFOSALICYLICACIDDIHYDRATE,REAGENT",3.0
"5-SULPHOSALICYLICACIDDIHYDRATE,HI-LRTM,500G",10.0
5LEADPATIENTCABLEFORCAREWELLPATIENTMONITOR,4.0
5PARTHEMATOLOGYANALYZER,7.0
5SULPHOSALICYLICACIDDIHYDRATEAR500G,9.0
650LITERFUELTANKFORINCINERATOR,1.0
650VAUPS,22.0
6KVAISOLATION,1.0
6KVAONLINEUPS,1.0
7PARTAUTOMATEDHEMATOLOGYANALYZER,1.0
8.0MHZVASCULARPROBEFORCFD-20B,1.0
8414R11×40mL+R21×10mL,15.0
8x44FRPVESSEL,2.0
ABTROL,2.0
ABTROL-5MLX10VL,2.5
ABTROL5MLX10,0.967741935483871
ABTROL5MLX10VL,1.375
ABTROL981044,1.4
ABTROL981044-10x5ML,1.0
ABTROL98104410X5ML,1.5
ABTROL9810445MLX10VL,1.2857142857142858
ACIDPHOSPHATASE8x3ml,2.0
ACTIVATEDSAND,25.0
ADAKIT(400)(CE),1.0
ADAPTIONSETFORTUBESAXIOSCOPE,1.0
ADULTCHEST/BULBELECTRODEFORCAREWELL,1.0
ADULTCHEST/BULBELECTRODEFORCAREWELL06NOS,3.1666666666666665
ADULTLIMB/CLIPELECTRODEFORCAREWELL,1.0
ADULTLIMB/CLIPELECTRODEFORCAREWELL04NOS,5.857142857142857
ADULTNIBPCUFF25-35cm,8.0
ALANINEAMINOTRANSFERASEKITR14×35mL+R22×18mL,3.1538461538461537
ALANINEAMINOTRANSFERASER16×40mL+R22×32mL,3.118279569892473
ALBUMIN(BCG)6X60ML,1.105263157894737
ALBUMIN(BCG)8x20ML,1.901639344262295
ALBUMIN2X200ML,3.4367816091954024
ALBUMINKIT4*40ml,3.5
ALBUMINKIT4*40mlR4×40mL,1.9393939393939394
ALBUMINKITR6×60mL,2.375
ALBUMINMST(REPLACEDBY981927),1.7142857142857142
ALBUMINR6×40mL,1.9814814814814814
ALBUMINUCALIBRATOR,0.6875
ALBUMINUCONTROL,1.1111111111111112
ALBUMINUCONTROLHIGH2X2ML,1.2222222222222223
ALKALINECYANIDE50ML,2.0
ALKALINEPHOSPHATASE(OPTIMISEDGKC)8X30mL,4.209302325581396
ALKALINEPHOSPHATASE(OPTIMISEDGKC)8x30ML,1.0
ALKALINEPHOSPHATASEKITR14×35mL+R22×18mL,2.3214285714285716
ALKALINEPHOSPHATASEKITR1:6×58mL?R2:3×32mL,1.75
ALKALINEPHOSPHATASER16×40mL+R22×32mL,1.9827586206896552
ALP(IFCC)PLUS10X20ML,2.8085106382978724
ALP(IFCC)PLUS15x5ML,1.1875
ALPHA-AMYLASEKITR11×38mL+R21×10mL,1.4166666666666667
ALT/GPT(IFCC)7x50ML,2.8333333333333335
ALT/GPT(IFCC)8*20ML,3.3333333333333335
ALT/GPT(IFCC)SINGALVIAL20X10ML,1.5
ALT/GPT(IFCC.)SINGALVIAL20X10mL,7.394230769230769
ALT/GPT(IFCC.)SINGALVIAL5X10mL,4.0
ALT/TGPSINGLEVIAL8x30ML,10.352941176470589
ALTKITR1:6×57mL?R2:3×32mL,2.5588235294117645
"ALUMINIUMPOTASSIUMSULPHATEDODECAHYDRATE,500GHi-ARTM/ACS",6.0
ALUVER3100PCS,1.0
AMMONIACYANURATEP/P100PCS,1.0
AMMONIASALICYLATEP/PP/P100PCS,1.0
"AMMONIUMSULPHATE,EXTRAPURE,[SYNONYM:MASCAGNITE],500G",2.0
"AMPHOTERICINBEZYMICTMSTRIP(0.002-32MCG/ML),60ST",2.0
AMY0103?-AMYLASEKit(4*20ml+2*10ml)R14×20mL+R22×10mL,1.525
AMY0103?-AMYLASER14×20mL+R22×10mL,2.0
AMY0103?-AmylaseKit(4*20ml+2*10ml)R14×20mL+R22×10mL,9.0
"AMYLALCOHOL,?99%,FG,1KG[YNONYM:1-PENTANOL,N-AMYLALCOHOL]",5.0
AMYLASE(IFCC)12*20ML,1.1904761904761905
AMYLASE(IFCC)8*5ML,1.5476190476190477
AMYLASEKITR14×45mL+R24×12mL,1.0625
AMYLASEPNPG720X3ML,3.3125
ANALYTICALBALANCE,1.0
ANALYTICALBALANCEMODELPA423C,1.0
"ANIDULAFUNGINEZYMICTMSTRIP(0.002-32MCG/ML),120ST",1.0
ANTI-IGDE0.5ML(SM),2.0
ANTICOAG.K3EDTA–VOL.2ML-LAVENDER,30333.333333333332
ANTIHEPARANIZEDTUBES100PC/BOTTLE,10.0
ANTISTREPTOLYSINO*(C)llR12×40mL+R2;2×40mL+Calibrator;1×0.5mL,2.0
API20E,2.0
API20EREAGENTSKIT,1.0
API20NE,8.0
APICANDIDA,50.0
APINACL0.85%MEDIUM(5ML),1.0
APINACL0.85%MEDIUM2ML,1.0
APTTSA,2.3333333333333335
ASBOX:FIX-GAM-K-L,1.6666666666666667
ASBOX:KI-LI,3.0
ASCORBICACID,5.0
ASLOLATEX50TEST,20.0
ASPARTATEAMINOTRANSFERASEKIT4*35ML+2*18ML,3.5
ASPARTATEAMINOTRANSFERASEKIT4*35ML+2*18MLR14×35mL+R22×18mL,3.1384615384615384
ASPARTATEAMINOTRANSFERASER16×40mL+R22×32mL,3.0
ASPIRATORBOTTLE20L,1.0
AST-GN93TESTKIT20CARDS,2.066666666666667
AST-GP67TESTKIT20CARDS,2.25
AST-GP74TESTKIT20CARDS,1.0
AST-N280TESTKIT20CARDS,2.7777777777777777
AST-P62820CARDS,1.0
AST-ST0120CARDS,1.3333333333333333
AST-YS0720CARDS,1.5
AST/GOT(IFCC),3.6363636363636362
AST/GOT(IFCC)*7x50ML,2.6
AST/GOT(IFCC)8*20ML,0.25
AST/GOT(IFCC)8X20ml8x20ml,1.0
AST/GOT(IFCC)8x20ml,3.3076923076923075
AST/GOT(IFCC)SINGALVIAL20X10ML,1.5
AST/GOT(IFCC.)SINGALVIAL20X10mL,7.316532258064516
AST/GOT(IFCC.)SINGALVIAL5X10ML,4.0
AST/GOTSINGLEVIAL8x30ML,8.565217391304348
ASTKITR1:6×57mL?R2:3×32mL,2.5588235294117645
ASTYS05KIT20CARDS,3.0
ATVVALVE,1.0
AUTOMATEDBLOODCULTUREMACHINE(BLOODCULTURESYSTEM(BACT/ALERT3D120)),1.0
AUTOMATEDCHEMISTRYANALYZERWITHISE,1.0
AUTOMATEDMEDIAPOURERANDSTACKERSYSTERM,1.0
AUTOMATEDMEDIAPREPARATORSYSTERM,1.0
AUTOMATEDSLIDESTEINER(AUTOMATICSLIDESTAINER),1.0
AUTOMATEDSYSTEMFORBACTERIALIDENTIFICATIONANDSENILITY(VITEK2COMPACT60),1.0
AUTOMATICBLOODCULTURESYSTEM,1.0
AUTOPIPETTE,1.0
AUTOSTAINER,1.0
AdultSpO2Clipsensor(SPO2SENSORPROBE(ADULT)-5PIN),2.0
"Anticoag.NaCitrate3,8%0,2ml-TotVol2mlLightBlueCap",0.0
B30CONTROL3ML-NORMAL,1.1176470588235294
B30CONTROL3MLHIGH,1.1111111111111112
B30CONTROL3MLLOW,1.1111111111111112
"B30CONTROL6X3.0MLTRILEVEL(2N,2H,2L)",1.0204081632653061
"B55CONTROL6X3.5MLTRILEVEL(2N,2H,2L)",1.210382513661202
BA-88ASEMIAUTOCHEMISTRYANALYZER,1.5
BACT/ALARTPF(100BOTTLES),2.20863309352518
BACT/ALARTPFPLUS(100BOTTLES),4.3671875
BACT/ALERTFA(100BOTTLES),2.0665680473372783
BACT/ALERTFAPLUS(100BOTTLES),4.9625
"BALDEMB35,PERMIER,LP50PK",1.0
BALLS1.000FORCOAGULATION,1.0
BARCODELABEL,500.0
BARCODEPRINETRPAPER2X1,1.0
BARCODEPRINETRPAPER2X11000PCS,2.0
BARCODESTICKER(BARCODELABEL),100.0
"BARIUMSULPHATE,REAGENTPLUS®,99%,1KG[SYNONYM:BARYTE]",2.0
BASICMULTIPARAMONITORFORDHS,13.0
BATTERY,1.0
BATTERY(RECHARGEBLEBATTERYOFCPM-9000),1.0
BC-20SAUTOHEMATOLOGYANALYSER,1.0
BC-3000-PLUS3PARTAUTOMATEDANALYZER,1.0
BC-30SAUTOHEMATOLOGYANALYSER,1.0
BC-6DMINDRAYQCHIGH4.5ML,2.303030303030303
BC-6DMINDRAYQCLOW,2.303030303030303
BC-6DMINDRAYQCNORMAL4.5ML,2.303030303030303
BC-NRBCMINDRAYQCHIGH,1.0
BC-NRBCMINDRAYQCLOW,1.0
BC-NRBCMINDRAYQCNORMAL,1.0
BC-REFMINDRAYQCHIGH,1.1403508771929824
BC-REFMINDRAYQCLOW,1.1403508771929824
BC-REFMINDRAYQCNORMAL,1.1403508771929824
BC6800AUTOHEMATOLOGYANALYZER,1.0
BI-DIRECTIONALINTERFACE,1.0
BICARBONATE4x4ML,17.333333333333332
"BILEESCULINAGAR,500G",1.0
"BILESALTAGAR,100G",1.0
BILIRUBINDIRECT20*4ML,1.8725490196078431
BILIRUBINDIRECTKIT4*20ML+1*20MLR14×20mL+R21×20mL,1.8863636363636365
BILIRUBINDIRECTKITR14×48mL+R24×12mL,2.607142857142857
BILIRUBINTOTAL(NBD)4X60ml,2.388888888888889
BILIRUBINTOTALKITR14×48mL+R24×12mL,2.4594594594594597
BILLIRUBINTOTAL(NBD)4x20ML,2.2393162393162394
BILRUBINDIRECTR14×32mL+R24×8mL,2.1714285714285713
BILRUBINTOTALR14×32mL+R24×8mL,2.8088235294117645
BINOCULARMICROSCOPEWITHHALILLUMINATION,1.0
BIOCHEMISTRYANALYSER,1.0
BIOCHEMISTRYREAGENTS,1.0
BIOLABOCRPCONTROLLOW1X1ML[Biolabo/France],1.5
BIOLABOCRPLOWCONTROL1X1ML,3.018181818181818
BIOLABOCRPcontrolhigh1x1ml,3.017391304347826
BIOLABOCRPcontrolhigh1x1ml[Biolabo/France],1.5
BIOLABOCRPstandardsuperhigh1x1ml,2.6901408450704225
BIOLABOCRPstandardsuperhigh1x1ml[Biolabo/France],1.0
BIOLABOEXATROL-N(NORMALLEVEL),3.0
BIOLABOEXATROL-N(NORMALLEVEL)10X5ML,2.567901234567901
BIOLABOEXATROL-N(NORMALLEVEL)10x5ML,0.7142857142857143
BIOLABOEXATROL-N(NORMALLEVEL)5ML,3.5714285714285716
BIOLABOEXATROL-N(NORMALLEVEL)5ML(Biolabo/France),50.0
BIOLABOEXATROL-N(NORMALLEVEL)5MLX10,2.142857142857143
BIOLABOEXATROL-P(PATHOLOGICALLEVEL),3.0
BIOLABOEXATROL-P(PATHOLOGICALLEVEL)10X5ML,2.6470588235294117
BIOLABOEXATROL-P(PATHOLOGICALLEVEL)10x5ML,2.3333333333333335
BIOLABOEXATROL-P(PATHOLOGICALLEVEL)5ML,3.125
BIOLABOEXATROL-P(PATHOLOGICALLEVEL)5ML(Biolabo/France),50.0
BIOLABOEXATROL-P(PATHOLOGICALLEVEL)5MLX10,2.238095238095238
BIOLABOEXATROLP(PATHOLOGICALLEVEL)10X5ML,1.5
BIOLABOPAEDIATRICCONTROL3X3ML,2.2222222222222223
BIOLABOPAEDIATRICCONTROL3X3ML(Biolabo/France),3.0
BIOSAFETYCABINET,1.0
BLEACHING3REAGENT100PCS,2.0
BLOCKSTORAGECABINET(WAXCABINETWITHLOCK),2.0
BLOODAGARBASENO2500G,5.0
BLOODBANKREFRIDGERATOR,1.0
BLOODCULTUREBOTTLES-BTAFA(AEROBIC)-30ML(100BOTTLES),1.375
BLOODCULTUREMACHINE(BACT/ALERT(3D120)INCUBATORMODULE),0.0
"BORICACIDR.G.,BUFFERSUBSTANCE,REAG",26.0
BOTTLECOLLER(PHARMACYREFRIGERATOR),1.0
BOTTLECOOLER,6.0
BPCuffConnectorSocket(Male/Female)(BPCUFFCONNECTORSOCKET),40.0
BRAINHEARTINFUSIONBROTH500G,1.0
BRANDNEWBLOODCELLCOUNTER,1.0
BRANDNEWFIVEPARTHEMATOLOGYANALYZER,1.0
BRANDNEWPHMETER,1.0
BRITISHSTANDARDADAPTORFORCFD-22,2.5
"BROMOTHYMOLBLUE,CERTIFIED,5G",50.0
BS-120DISPOSABLECUVETTES,2000.0
BS-120DISPOSABLECUVETTES1000PCS,1.0
BS-200REACTIONCUVEETTE,226.4
BS-200REACTIONCUVEETTE(1000PCS),4.0
"BS-200REACTIONCUVEETTE1,000PCS",1.0
BS-200REACTIONCUVEETTE1000PCS,1.5
BS-300DISPOSABLECUVETE,169.8
BS-300DISPOSABLECUVETE(1000PCS),4.0
BS-300DISPOSABLECUVETE1000PCS,1.4444444444444444
BS-300DISPOSIBLECUVETE,-3.6
BULB12V35WHALOGENREFLECTORGU5.3,1.0
BULIRUBINTOTALKITR14×20mL+R21×20mL,1.9019607843137254
BUNSENBURNER,1.0
Built-inlithiumbattery(RECHARGEBLEBATTERYOFCPM-9000),5.0
C-REACTIVEPROTEINKITR1:2×35mL?R2:2×10mL,7.097560975609756
C-REACTIVEPROTEINR11×40mL+R21×10mL,7.011173184357542
CALCIUM*6x60ML,1.0
CALCIUM8x20ML,1.3768115942028984
CALCIUMARSENAZOIII,2.8545454545454545
CALCIUMKITR4×40mL,1.3333333333333333
CALCIUMKITR4×45mL,1.4166666666666667
CALCIUMMICROVOLUMEELECTRODE,1.0
CALCIUMR6×40mL,1.0
CALIBRATEURSHBA1CCAPILLAIRE2,1.5
CAMERABRACKET,1.0
CAPICLEAN(25ML),1.8148148148148149
CAPILIARYSPROTEIN(E)6,1.125
CAPILLARYELECTROPHORESISANALYZER,1.0
CAPILLARYELECTROPHORESISAPPARATUS(CAPILLARYS2FLEX-PIERCING),1.0
CAPILLARYELECTROPHORESISSYSTEM(CAPILLARYS2FLEX-PIERCING),1.0
CAPILLARYS/MINICAPURINE(48/96T),1.5
CAPILLARYSHEMOGLOBIN(E),2.3684210526315788
CAPILLIARYSHBA1C,3.3333333333333335
"CARBOY(ASPIRATORBOTTLE)WITHSCREWCAP,HDPE,25LFAUCETINCLUDED",3.0
CARDIACMARKERANALYZER(VCVIDAS(BN)),1.0
CAROUSELSTANDFOR6PIPETTES,-1.0
"CASPOFUNGINEZYMICTMSTRIP(0.002-32MCG/ML),120ST",1.0
CASSETTEGREENBIOPSY,850.0
CASSETTEPINKBIOPSY,300.0
"CATHETERRS,DISPOSABLES&GENERALGLASSWARE",1.0
"CC.M.CONTROL(L1)(CE,6*5ML)",1.5046728971962617
"CC.M.CONTROL(L1)(CE,6X5ML)",3.0
"CC.M.CONTROL(L2)(CE,6*5ML)",1.5686274509803921
"CC.M.CONTROL(L2)(CE,6X5ML)",3.0
"CD80DETERGENT(ABROAD,2L*6)",1.8863636363636365
CEDIACSAPLUSKITWITHLOWCALIBRATOR,1.0
"CEDIAGENTAMICINIIASSAY,13X11ML",1.0
CEDIATDMANTIBIOTICCALIBRATORSET,1.0
CEFOXITINSUPPLEMENT,24.0
CELLCOUNTER,1.0
"CELLCOUNTER,8KEYS",2.0
CELLYSE-MINDRAY3000PLUS,5.0
CELLYTROL(KITS),3.0
CENTERCOMPCO-OBSERVATIONFORAXIOSCOPE,1.0
CENTRICWATERPUMP,2.0
CENTRIFUGE,1.5
CENTRIFUGE(12LABORATORYCENTRIFUGE),10.0
CENTRIFUGE(32BUCKET),11.0
CENTRIFUGE(32BUCKETS),5.0
CENTRIFUGE(LABORATORYCENTRIFUGE),9.833333333333334
CENTRIFUGE(REFRIGERATORCENTRIFUGE),1.0
CENTRIFUGE(REVOLUTIONARYMICROPROCESSORLAB.CENTRIFUGE),1.0
CENTRIFUGE08BUCKETS,1.0
CENTRIFUGE12BUCKET,4.0
CENTRIFUGE24BUCKET,2.3333333333333335
CENTRIFUGE32BUCKETS,1.0
"CENTRIFUGETUBES,POLYPROPYLENE-15ML,17X120MM",3.0
CENTRIFUGETUBESCREWCAP,750.0
CFLLYSE(500ML/BOTTLE),10.513698630136986
CFLLYSE(500ML/BOTTLE)(Mindray-China),7.0
CFLLYSE(500ml/bottle)(Mindray/China),12.0
CFLLYSE(500ml/bottle)(PackSize500ml)[Mindray/China],34.0
CHARCOALFILTER,4.5
CHESTCATHETERSSIZE24,6.0
"CHOLERATOXINFROMVIBRIOCHOLERA,POWDER,0.5MG[SYNONYM:CTX,CHOLERAENTEROTOXIN,CHOLERGEN]",1.0
CHOLESTEROL,0.3333333333333333
CHOLESTEROL12X20ML,1.4814814814814814
CHOLESTEROLCHOD-PAD2X100ML,1.4
CHOLESTEROLCHOD-PAP10*100ML,2.3
CHOLESTEROLCHOD-PAP2X100ML,8.267241379310345
CHOLESTEROLCHOD-PAPLIQUIDREADYTOUSE2X100ML,2.1666666666666665
CHOLESTEROLWITHSTANDARD100ML,2.0
CIPHERLABCCD1500WIREDBARCODESCANNER,4.0
CIRCULATINGCONSTANTTEMPERATUREBATH(60-C4),1.0
CK-IFCC2X25ML,1.3571428571428572
CK-MB10X3ML,2.2
CK-MB10X3ML(Biolabo/France),1.0
CK-MB2*20ML,1.0
CK-MB4x25ml,1.1666666666666667
CK-MBCALIBRATOR(3*1ML)3×1mL,1.0
CK-MBCONTROL,0.5
CK-MBCONTROLHIGH,0.6666666666666666
CK-MBKitR12×35mL+R21×18mL,1.0
CK-NAC(IFCC)20X3ML,2.4375
CK0103CKKit(4*38ml+2*20ml)R14×38mL+R22×20mL,0.75
CKKITR12×35mL+R21×18mL,1.1666666666666667
CLEANINGLIQUIDFORREFRACTOMETERANDTURBIDIMETER200ML,1.0
"CLEANINGSOLUTION,ACID100ML(formindray)BS300",4.36734693877551
"CLEANINGSOLUTION,ACID100ML0",3.0
"CLEANINGSOLUTION,ALK100ml",1.0
"CLEANINGSOLUTION,ALK100ml(FORmINDRAYBS300)",3.8
"CLEANINGSOLUTION,ALK100ml)",3.888888888888889
CLEANINGSOLUTIONKIT,1.0
CLEANPRPTECT(5ML),2.0303030303030303
CLEANSOLUTION1X500ML,1.1666666666666667
CLELECTRODE,0.3333333333333333
CLINICALCHEMISTRYANALYZER(VCMINIVIDAS(BN)),1.0
CO20103CO2KIT(4X20ML+QC&CAL),1.0
CO2ABSORBER+VENTFLILTERFORSTORAGETANK30-100L,1.0
COAGULOMETER(SEMIAUTOMATED)(M-4FOURCHANNELCOAGULATIONANALYSER),1.0
COLDCENTRIFUGE,1.0
COLLAGEN(2X1ML),2.0
COLLAGENREAGENT(2X1ML),0.6666666666666666
COLOURPRINTER,-1.0
COMBUSTIBLEGASTAP-LONG,1.0
CONDENSER0.9/1.25HFORAXIOLABA1,1.0
"CONDITIONER,NaELECTRODEAVL98X-91XX-100ML",2.88
CONFFRETAS:FIX-G-A-M-K-L(MS),2.2
CONSTANTTEMPERATUREWATERBATH(WATERBATH22LWITHCONCENTRICRINGSWITHLID),1.0
"CONSULTATIONFEEFORISO17025ACCEREDITATIONATLABORATORYANGULANA,STATIONRD(1stPAYMENT)",1.0
CONTRASTENHANCINGBLUEFILTERd=32x2mm,2.0
CONTROLEHBA1CCAPILLAIRE2,1.5
CONTROLEHBA2NORMAL(1ML),1.6666666666666667
CONTROLEHBA2NORMAL(5*1ML),1.6875
CONTROLEHBA2PATHO1X1ML,1.5
CONTROLEIT/IF1ML,1.6666666666666667
CONTROLHBAFSC,1.4
CONTROLHYPERGAMMA,1.0
CONTROLSERANORMAL(5*1ML),2.0
"CORNING®MICROPLATESEALINGTAPE,ALUMINUM,100EA[NON-STERILE,96WELLREACTIONS]",1.0
COUNTINGCHAMBER,1.0
CPM9000AC-DCPOWERSUPPLYBOARD(POWERSUPPLYMODULEFORCPM9000),2.0
CRE0203CREATININEKIT(4*40ML+2*28ML),1.25
"CREA-SKIT(800,CE,CRE1204)",2.606060606060606
"CREA-SKIT(800,CE,CRE1204)R1:4×59mL?R2:2×42mL",1.0
CREATINEKINASEKITR1:3×42mL?R2:3×12mL,1.4444444444444444
CREATINEKINASER14×38mL+R22×20mL,0.5
CREATINIEN,2.975609756097561
CREATININE(ENZYMATIC)4X60ML4X60ML,1.0
CREATININE(JAFFE)8x20ML,8.2
CREATININE(KINETIC)2X125mL,9.551401869158878
CREATININE(KINETIC)2X125mL[Biolabo/France],32.0
CREATININEENZYMATIC4X30ML,4.9480519480519485
CREATININEKIT3*35ml+3*35ml,1.1666666666666667
CREATININEKIT3*35ml+3*35mlR13×35mL+R23×35mL,6.025
CREATININEKITCRE0103R14×40mL+R24×40mL,3.4408602150537635
CREATININEKITR14×45mL+R24×45mL,4.222222222222222
CREATININER12×27mL+R21×18mLCREA-S,2.0
CREATINNE(KINETIC)2x125ML,1.5
CRP,3.3157894736842106
CRP(3*60ml+2*3ml),3.5555555555555554
CRP-IMMUNOTURBIDIMETRYTEST1X5ML+1X50ML,0.3333333333333333
CRP-immunoturbidimetrytest1x10ml+6x20ml,8.938095238095238
CRP-immunoturbidimetrytest1x10ml+6x20ml[Biolabo/France],2.0
CRP1x3ML,5.813084112149533
CRPCALIBRATIONSET,1.1923076923076923
CRPCONTROL5*1ml,1.3333333333333333
CRPCONTROL5x1ML,1.5714285714285714
CRPCONTROLHIGH,1.8653846153846154
CRPKITR11×40mL+R21×10mL,6.678571428571429
CRPLATEXSANSDIALUTION100TESTS,11.727272727272727
CRYOMATRIXEMBEDDINGMEDIUM120ML,1.0
"CUVETTEBLOCK(4POS/EA),4000TESTS50x20CUVETTS",1.1666666666666667
CUVETTERACKS&BALLSFOR800TESTS,3.3333333333333335
CUVETTERACKSW/OBALLES(800PCS)FORTHROMBOTIM,1.0
CUVETTES+BALLSFOR1-4CH.1000PCS,1.0
CUVETTESFOR1-4CHANNEL,1500.5
"CYLINDRICALDRUMWITHFAUCET,HDPE25L",1.0
CYTOCENTRIFUGE(CYTOSPIN4),1.0
CYTOSLIDE_SINGLECIRCLE,14.0
CYTOSPINACCESSORYKIT,1.0
CYTOSPINCENTRIFUGE(CYTOSPIN4),1.0
CYTOTOXICISOLATOR(GLOVEFASTCYTO2-6-4)(WARRANTY:01YEAR),1.0
CalciumKitR4×40mL,2.6
ChestElectrodesL(PEDIATRICCHEST/BULBELECTRODEFORCAREWELL),6.0
ClELECTRODE,1.0
D-DIMER,1.0
"D-DIMER(2X8ML)[ThermoFisherScientificoy,/Finland]",0.3333333333333333
"D-DIMERCALIBRATIONSET[ThermoFisherScientificoy,/Finland]",0.3333333333333333
"D-DIMERCONTROL2X1ML[ThermoFisherScientificoy,/Finland]",1.0
"D-DIMERCONTROLHIGH2X1M[ThermoFisherScientificoy,/Finland]",1.0
DATALOGGER,1.0
DECOLORANT(10),1.0
DEFENDERBENCHSCALE,1.0
DENSICHEK,2.0
DEPROTEINIZERSOLUTION100ML,2.24
DESKSTOPTHERMALTRANSFERBARCODEPRINTER,2.0
DETERGENT500ML,7.0
"DI-SODIUMHYDROGENPHOSPHATE,EXTRAPURE",1.0
DIGITALCENTRIFUGE(REVOLUTIONARYGENERALPURPOSELABO.CENTRIFUGE),2.0
DILUENT(20L/tank)(Mindray/China),15.0
DILUENT(20L/tank)(PackSize20L)[Mindray/China],44.0
DILUENT20L,15.966216216216216
DILUENT20L(Mindray-China),8.0
DIRECTBILRUBIN2X200ML,2.289855072463768
DISINFECTANTSANOSIL,1.0
"DISPOSABLEMICROTOMEBLADE,HIGHPROFILE50'S",1.2
"DISPOSABLEMICROTOMEBLADE,LOWPROFILE50PK",1.4
DISTILLEDWATERAPPARATUS,1.0
DISTILLEDWATERCAN-KONE30,2.0
DISTILLERDWATERAPPARATUS(WATERDISTILLATIONUNITMODEL710230V/50HZ/UK),3.5
DISTILWATERAPPARATUS(HYDROSTILL4),2.3333333333333335
"DNASETESTAGARBASE,500G",1.0
DOPPLER,1.0
DOPPLERDETECTOR(FETALDOPPLERWITH2MHZPROBE),2.6666666666666665
DOPPLERMACHINE(FETALDOPPLERWITH3MHZPROBE),2.0
DOUBLECUVETTES,181.33333333333334
DOUBLECUVETTES(250),3.3333333333333335
DOUBLECUVETTES(250NOS),4.0
DOUBLECUVETTES1'S,812.5
DOUBLECUVETTES250PCS,13.333333333333334
DOWNDRAFTEXTRACTIONDUCTADAPTERKIT,1.0
DPDTABLET,5000.0
DRYBLOCKINCUBATOR,1.6666666666666667
DUSTCOVER,1.0
E-ZCLEANSER(100ML/BOTTLE),5.263888888888889
E-ZCLEANSER(100ml/bottle)(PackSize100ml)[Mindray/China],15.0
ECAL3MLX1VL,6.0
ECAL3MLX5,0.8518518518518519
ECAL3MLX5VL,1.3571428571428572
ECGCABLE,2.0
ECGCable(10LEADPATIENTCABLEFORECGRECORDERS),1.5
ECGCable(Carewell)(10LEADPATIENTCABLEFORECGRECORDERS),12.0
ECGCable(Dongjang)(10LEADPATIENTCABLEFORECGRECORDER),3.0
ECGCableforMultiparaMonitor(Carewell)(3LEADPATIENTCABLEFORCPMMONITORS),4.0
ECGCreameforECG(1101ECGMachine)(ELECTRODEJELLY260GTUBE),10.0
ECGMACHINE,4.166666666666667
ECGMACHINE(ECGMACHINESINGLECHANNELBASIC),1.0
ECGMACHINE(WARRANTY:01YEAR),6.0
ECGMACHINESINGLECHANNELBASIC,7.0
ECGPAPAERROLL(80mm*20mm),200.0
ECGPATIENTCABLE3LEAD,0.6666666666666666
ECGPROBE(10LEADPATIENTCABLEFORECGRECORDERS),5.666666666666667
ECGProbes(10LEADPATIENTCABLEFORECGRECORDERS),5.0
ECGRECORDER(ECGMACHINESINGLECHANNELBASIC),1.3333333333333333
ECGRECORDINGPAPER(CARDIOFAX-1250)(ECGZFOLDPAPER(110X140X200SH/PK),100.0
ECGRecordingPaper(cardiofax-1250)(ECGZFOLDPAPER(110X140X200SH/PK)),300.0
ELECTRODECALCIUMAVL98X-91XX,1.0
ELECTRODEJELLY260GTUBE,6.75
ELECTRODEPOTASSIUMAVL98X-91XX,1.0
"ELECTRODEREFERENCEASSEMBLY,AVL91XX",1.0
ELECTRODESODIUMAVL98X-91XX,0.3333333333333333
ELECTROLYTEANALYZER(SMARTLYTEELECTRLYTEANALYZERWITHSTARTKIT),1.0
ELECTRONIC&ELECTRICWEIGHTBALANCE,3.0
ELECTRONICBALANCE,1.0
ELECTRONICWELIGHINGSCALE(TOPLOADINGBALANCE),1.0
ELECTROPHORESISANALYZER(CAPILLARYS2FLEX-PIERCING),1.0
ELECTROPHORESISSYSTEM,1.0
EMBEDDINGCENTER(HISTOSTAR),1.0
EMOPLASTIKVIOLETK3EDTAFOR3MLINTESTTUBES13X75MMVIOLETRUBBERSTOPPERSDIAM12-13,35.0
ENDOTRACHEALTUBESCUFFED5.5mmTO8mm,4.0
ENDOTRACHEALTUBESUNCUFFED3.0mmTO5mm,4.0
EQASAMPLE,5.0
ESRRACK(STAINLESSSTEEL),2.5
ESRTUBES1'S,12.666666666666666
ETCO2SIDESTREAMSENSOR(RESPIRONICS/USA),2.0
"ETHYLACETATECHROMASOLVFOR,2.5L",1.0
EVOLUTION3000-SEMIAUTOCHEMISTRYANALYSER,1.0
EXTRACLEANING,3.0
EYEPIECEE-PL10X/20,4.0
EYEPIECEEYECUP,7.0
EZDOUBLECYTOFUNNELSWHITE_40/BOX,8.0
EZSINGLECYTOFUNNELSWHITE_40/BOX,21.0
F3FIXEDVOLUME10UL,2.0
FEKIT(4*40ML+2*16ML+QC&CALINCLUDED),1.3333333333333333
FEKITR12×40mL+R21×16mL+Calibrator1×1.5mL+Contro,1.0
"FERROVER®IRONREAGENTPOWDERPILLOWS,10ML",10.0
"FIELDCASE,STANDARD,HQD",1.0
FILTERPAP.COMBS18TEETH(10*5),1.0
FILTERSAND,1.0
FINNPIPETTEF2100-1000UL,2.0
FINNPIPETTEF220-200UL,14.0
FINNPIPETTEF2FIX.VOL.1000?l,2.5
FINNPIPETTEF2FIX.VOL.100?lSINGLECHANNELPIPPESINGLECHANNELPIPPETTE,3.0
FINNPIPETTEF2FIX.VOL.20?l,1.0
FINNPIPETTEF2FIX.VOL.500?lSINGLECHANNELPIPPE,1.0
FINNPIPETTEF2FIX.VOL.50?l,3.0
FINNPIPETTEF2FIXEDVOLUME10UL,1.0
FINNPIPETTEF2FIXEDVOLUME200ul,1.0
FINNPIPETTEF2FIXEDVOLUME5ULMICRO,1.0
FINNPIPETTEF3FIXEDVOLUME1000UL,3.5
FINNPIPETTEF3FIXEDVOLUME100UL,2.6666666666666665
FINNPIPETTEF3FIXVOL.20UL,2.0
FINNPIPETTFpF3100-1000UL,1.0
FINNPITTEF310-100UL,1.0
FITTINGGUIDEF/HEATER,2.6666666666666665
FIVEPARTHEMATOLOGYANALYZER(BC6800AUTOHEMATOLOGYANALYZER),1.0
FLASK-FLATBOTTOM-2000ML,8.0
FLOATINGWATERBATH,1.0
"FLUIDPACK,AVL9180/9181/GEMLYTE",14.137142857142857
FLUORIDEOXALATESOLUTION,10.0
FOCUSLIQUID125ML,4.666666666666667
FOLEY'SCATHETER-SIZE10,6.0
FOLEY'SCATHETER-SIZE12,6.0
FOLEY'SCATHETER-SIZE14,6.0
FOLEY'SCATHETER-SIZE18,6.0
FOLEY'SCATHETER-SIZE20,6.0
FOLEY'SCATHETER-SIZE22,6.0
FOOTSWITCH,1.0
FORCEELECTRICYELLOW,1.0
"FORCEPSSTAINLESSSTEELPOINTED(FORCEP,115MM,BLUNT/STRAIGHT)",3.0
FORMALDEHYDEMETER,1.0
"FORMALINBOTTLE,NALGENE-2GALLON",1.0
FORMALINPREPARATIONSYSTEM,1.0
"FREEZINGMICROTOME(NX50CRYOSTAROPHVD,220-240V50/60HZINCLUDES)",1.0
FULLYAUTOMATED5PARTHEMATOLOGYANALYZER(BC-5150_5PARTAUTOHEMATOLOGYANALYZER),2.0
FULLYAUTOMATEDANALYZERWITHISEMODULE(INDIKOPLUS),1.0
FULLYAUTOMATEDBIOCHEMISTRYANALYZER,1.0
FULLYAUTOMATEDBIOCHEMISTRYANALYZER(BS-200-AUTOCHEMISTRYANALYSER),1.0
FULLYAUTOMATEDBIOCHEMISTRYANALYZER(BioChemistryAnalyser),1.0
FULLYAUTOMATEDBIOCHEMISTRYANALYZER(FULLYAUTOMATEDCHEMISTRYANALYZERWITHISE),1.0
FULLYAUTOMATEDBIOCHEMISTRYANALYZER(INDIKOPLUS),-1.0
FULLYAUTOMATEDBIOCHEMISTRYANALYZER(INDIKOPLUSWITHPCCLINICALANDISESTRATUPKI),1.0
FULLYAUTOMATEDBIOCHEMISTRYANALYZER(INDIKOPLUSWITHPCCLINICALANDISESTRATUPKIT,2.0
FULLYAUTOMATEDBIOCHEMISTRYANALYZERWITHOUTISE(WARRANTY:01YEAR),1.0
FULLYAUTOMATEDCHEMISTRYANALYZERWITHISE,1.0
FULLYAUTOMATEDCOAGULATIONANALYSER(COATRON®A4),1.0
FULLYAUTOMATEDCOAGULATIONANALYZERCOATRONA6,1.0
FULLYAUTOMATEDHAEMATOLOGYANALYZER(BC6800AUTOHEMATOLOGYANALYZER),1.0
FULLYAUTOMATEDIMMUNOASSAYANALYZER(MAGLUMI800ANALYSER),-1.0
FULLYAUTOMATEDMICROBIALIDENTIFICATION/DRUGSUSCEPTIBILITYSYSTEM(VC-VITEK2COMPACT60-CLINICAL),1.0
FULLYAUTOMATEDMICROTOME(HM355SELECTRONIC100-240V50/60HZINCLUDESUNICASSETTECLAMPDIS),1.0
FULLYAUTOMATEDROTARYMICROTOM(HM355S),1.0
FULLYAUTOMATEDURINEANALYZER(FUS2000UrineAnalyser),1.3333333333333333
FULLYAUTOMATEDURINECHEMISTRYANALYZER,1.0
FinnpipetteF2–FixedVolume:SingleChannel,-10.5
FullyAutomatedCoagulationAnalyser(CoatronA4),1.0
FullyAutomatedCoagulationAnalyser(Coatron®A4),1.0
GABLELIDFOR22LWATERBATH,1.8
GAMMA-GLUTAMYLTRANSFERASEKIT4*35ML+2*18MLR14×35mL+R22×18mL,1.4210526315789473
GAMMA-GLUTAMYLTRANSFERASER16×40mL+R22×32mL,1.575
GAMMA-GT(IFCC)15x5ML,0.9
GAMMA-GTSOLUBLEGPNA8x30ML,2.4615384615384617
GAMMAGT(IFCC)10X20ML,1.7727272727272727
GAMMAGT10X10ML,2.25
GAMMA–GLUTAMYLTRANSFERASEKITR1:6×57mL?R2:3×32mL,1.35
GEL-ECG,2.0
GELELECTROPHORESISWITHIMMUNOFIXATION(HYDRASYS2SCAN),1.0
"GGTKIT(800,GGT2104)(CE)R1:4×35mL+R2:2×18mL",1.0
GLASSREAGENTVESSEL10ML(5PCS),4.5
GLASSREAGENTVESSEL10ML(5PCS)(ThermoFisherScientificoy'/Finland),0.3333333333333333
GLU0104GLUKIT(6*60+3*32)R16×60mL+R23×32mL,3.1666666666666665
GLUCOSE(GOD-PAD)10X60ML,1.8823529411764706
GLUCOSE(GOD-POD)12x20ML,2.0256410256410255
GLUCOSE(HK)8x20ml,3.3333333333333335
GLUCOSEGOD-PAP1000ML,5.064516129032258
GLUCOSEGOD-PAP1000MLX6,2.2857142857142856
GLUCOSEGOD-PAP1000ML[Biolabo/France],20.0
GLUCOSEGOD-PAP6X1000ML,1.896551724137931
GLUCOSEGOD-PAP6x1000ML,6.0
GLUCOSEGOD-PAPIncludingbottleforreconstitutio,6.25
GLUCOSEGOD-PAPIncludingbottleforreconstitution500ML,5.589285714285714
GLUCOSEGOD-PAPLIQUIDREADYTOUSE8X200ML,2.0
GLUCOSEGOP-PAPSTANDERD-R3,6.5
GLUCOSEKIT4*40ML+2*20ML,3.5
GLUCOSEKIT4*40ML+2*20MLR14×40mL+R22×20mL,4.642857142857143
GLUCOSER14×40mL+R22×20mL,5.833333333333333
GNTESTKITVIK220CARDS,3.3333333333333335
GPTESTKITVTK2,4.7
GPTESTKITVTK220CARDS,1.0
GROSSEXAMINATIONANDSECTIONINGGROSSLABTMJUNIOR,1.0
GROSSINGSTATION,1.0
GROSSINGSTATIONGrosslab™Senior,1.0
GeneXpert-iv-4Module(AUTOMATEDMOLECULARMETHOD/DETECTIONOFMYCOBACTERIUMSPP.&RESISTANCETOANT,1.0
Gluco-hemoglobin(HBA1C)(HbA1cImmunoTurbidimetricAssay),4.0
Glyco-Hemoglobin(HBA1C)(HBA1CTURBIDIMETRICIMMUNOASSAY1X30ML),4.0
H-10STRIPS(FORDIRUI/H-500URINEDIPSTRIXANALY,25.0
H100URINESTRIPSREADER,6.0
H10URINESTRIPS,1.6666666666666667
"HAEMATOCRITTUBEHEPARINISED,100Nos100Nos",174.0
HAEMATOCRITTUBEHEPARINISED100Nos,17.333333333333332
HAEMOGLOBIN2X200ML,4.6
HAEMOGLOBINA1C(CANDQ),6.5
HAEMOGLOBINA1C(CANDQ)R?Hb??1×40mL?R1?HbA1c??1×40mL?R2?HbA1c??1×15mL,2.7
HAEMOGLOBINA1C2*30ML+1*12ML,2.0
HANDHELDDOPPLER(FETALDOPPLERWITH3MHZPROBE),1.0
HANDHELDDOPPLERSCANNER,1.0
"HBA1C,HAEMOGLOBINOPATHY,PROTEINS,IMMUNEOTYPINEANALYZER(CAPILLARYS2FLEX-PIERCING)",2.0
HBA1C2X17.1ML,1.6666666666666667
HBA1CCALIBRATIONSET4X0.5ML,1.1666666666666667
HBA1CCALIBRATOR2×1mL,1.5555555555555556
HBA1CCONT.NORMAL5X1ML,1.0
HBA1CCONTROLABNORMAL,1.0
HBA1CCONTROLN4×1ML,0.8571428571428571
HBA1CCONTROLP4×1ML,0.8571428571428571
HBA1CCONTROLSETNORMAL&HIGHLEVEL1X0.5ML,0.7
HBA1CHEMOLYZINGREAG.,1.0
HBA1CSYSTEM(CAPILLARYS2FLEX-PIERCING),1.0
HBA1CTURBIDIMETRICIMMUNOASSAY1X30ML,1.6666666666666667
HDL&LDLCHOLESTEROLCONTROLP,0.5
HDL-CHOL.PLUS6X24ML,2.0
HDL-CHOLESTEROL1X125ML,1.0
HDL-CHOLESTEROL1X30mL,2.12
HDL-CHOLESTEROLDIRECTMETHOD200-250TEST,2.855421686746988
HDL-CHOLESTEROLDIRECTMETHOD400-500TEST,3.4285714285714284
HDL-CHOLESTEROLKIT1*40ML+1*14ML,3.0
HDL-CHOLESTEROLKIT1*40ML+1*14MLR11×40mL+R21×14mL,5.791666666666667
HDL-CHOLESTEROLKITR1:4×58mL?R2:2×42mL,1.0
HDL-CHOLESTEROLR1:1×20mL+R2:1×10mL,0.3333333333333333
HDL/LDL/CK-MBCONTROLSERALEVEL1-2X2ML,1.6923076923076923
HDL/LDL/CK-MBCONTROLSERALEVEL1-2X2ML(Biolabo/France),5.0
HDL/LDL/CK-MBCONTROLSERALEVEL2-2X2ML,1.7058823529411764
HDL/LDL/CK-MBCONTROLSERALEVEL2-2X2ML(Biolabo/France),5.0
HDL/LDLCALIBRATOR2X2ML,1.3846153846153846
HDL/LDLCALIBRATOR5*1ML,1.1538461538461537
HDL/LDLCK-MBCALIBRATOR2X2ML(Biolabo/France),5.0
HDL0103HDL-CKIT(4*40ml+2*28ml)R14×40mL+R22×28mL,1.5
HDL0103HDL-CKit(4*40ml+2*28ml)R14×40mL+R22×28mL,2.4285714285714284
HEAMOTOLOGYAUTOCOUNTERFIVEPART,1.0
HEIGHTADJUSTABLEFREEZINGMICROTOME(CRYOTOME)(NX70CRYOSTAT),1.0
HEMATOCRITCENTRIFUGE,2.0
HEMATOCRITCENTRIFUGEWITHLEDDIGITALTIMER,4.833333333333333
HEMATOCRITMACHINE(HEMATOCRITCENTRIFUGEWITHLEDDIGITALTIMER),1.0
HEMATOCRITMACHINE(PCVMACHINE),2.5
HEMATOLOGYANALYZER(BC-5150_5PARTAUTOHEMATOLOGYANALYZER),1.0
"HICROMECOLIFORMAGARMODIFIED,500G",2.0
"HICROMERAPIDMRSAAGARBASE,500G",2.0
HICROMEUTIAGAR,1.0
"HIDISPOBAG™-14CLEAR,TRANSPARENTAUTOCLAVAB",20.0
"HIDISPOBAG™-7CLEAR,TRANSPARENTAUTOCLAVABL250NOS",40.0
HIGHPERFORMANCELABORATORYREFRIGERATOR,1.0
"HM325ROTARYMICROTOMEE,INCLUDESUNICASSETTECLAMPDISPBLADECARRIERE&BLADES",1.0
HM525NXCRYOSTAT220-240VINCLUDESDISPOSABLEBLADECARRRIER,1.0
HORMONEANALYSER(MAGLUMI800ANALYSER),-1.0
HORMONEANALYZER,2.0
HORMONEANALYZER(VCMINIVIDAS(BN)),3.0
HORMONEANALYZER(VCVIDAS(BN)),1.0
HORMONEANALYZER(VCVIDAS),1.0
HORMONSANALYZER,1.0
HOTAIROVEN,2.0
HOTAIROVEN75L,1.0
HOTAIRSTERILIZAEROVEN(OVEN),1.0
"HOUSINGREFERENCEELECTRODE,AVL91XX,98XAW",1.0
HPDESKJETCOLOURPRINTER,1.0
HPLASERJETP1102PRINTER,1.0
HSERIESURINEANALYSERCOLOURCONTROL,2.0
HYDRAGEL1BENCEJONES(SM),2.0
HYDRAGEL2BENCEJONES(MS),2.3333333333333335
HYDRAGEL2IF(MS),2.3
HYDRAGEL7HRVIOLETACIDE,1.2
HYDRAGEL7PROTEIN(E),7.25
HYDRAGELAPPLICATORS,5.0
HYDROCHLORICACID>=37%GLASSBOTTLE,2.0
HYPERGAMMACONTROLSERUM(5*1ML),1.0
HbA1cCALIBRATOR3X2ML,1.0
I3PRODESK400G2WITHMONITOR,1.0
I3_PRODESK_400_G2COMPUTERWITHMONITOR,1.2
I5COMPUTERWITH19'MONITOR,1.0
I5_PRODESK_400_G2COMPUTERWITHMONITOR,1.0
I5_PRODESK_400_G2COMPUTERWITHMONITOR18.5'MONITOR,1.25
I5_PRODESK_400_G2COMPUTERWITHSQUAREMONITOR,1.0
IKVAISOLATION,1.0
INCINERATOR,1.0
INCUBATORMODULEFORBLOODCULTURESYSTEM[BACT/ALERT(3D120)],1.0
INFUSIONSETADULT,100.0
INSTALLATIONCHARGERS,1.0
INTELLICALTMAMMONIAISEANALYSISPACKAGE,1.0
"IODINE,REAGENTPLUS®,?99%,CHIPS,500G",2.0
IRON10*20ML,2.5
IRONDIRECTMETHOD,2.0
IRONFERITIN,5.0
IRONSELECTIVEAUTOELECTROLYTEANALYZER(SMARTLYTEELECTRLYTEANALYZERWITHSTARTKIT),3.0
ISECALIBRATOR2&3(2X20ML+2X20ML),0.8333333333333334
ISECALIBRATOR4X400ML,5.0625
ISEMODULEREAGENTPACK,1.5384615384615385
ISEPRIMESERUM10x5ML,1.0
ISOLATORCYTOTOXICSAFETYCABINET(CYTOTOXICSAFETYCABINETGLOVEFASTCYTO2-6-4),1.0
"ITRACONAZOLEEZYMICTMSTRIP(0.002-32MCG/ML),60ST",2.0
JAMES,5.0
K2EDTATUBES2ML,1000.0
K3EDTAFOR2.5MLINTESTTUBES13X75MM,11694.224137931034
KELECTRODE,0.8
KEYPADBOARD,4.0
KEYPADSTICKER,4.0
KF+NA2EDTAFOR2.5MLOFBLOODINTESTTUBE12X86,7857.575
KLIGLERIRONAGAR500G,1.0
KNIFEHOLDER-LOWPROFILEDISPOSABLEBLAD,1.0
KemtrolAbnormalSerumControl,1.0
KemtrolNormalSerumControl,1.0
"Konelabcuvette(1,000PCS=12,000TESTS)(ThermoFisherScientificoy'/Finland)",10.25
L.D.H.(LDH-P)20X3ML,2.5
LABORATORYBRUSH(NARROWTESTTUBESCLEANINGBRUS,1.0
LABORATORYBRUSHE(LARGESIZEBOTTLECLEANINGBRUS,1.0
LABORATORYBRUSHE(SMALLSIZEBOTTLECLEANINGBRUS,1.0
"LABORATORYFUNNEL,100MM,GLASS",2.0
LABORATORYINCUBATOR(INCUBATOR),2.0
LABORATORYREFRIGERATOR(PHARMACYREFRIGERATOR),1.0
LABORATORYREFRIGERATORS(PHARMACYREFRIGERATOR),9.0
LABREFRIGERATOR(360L),3.0
LACTATEDEHYDROGENASER16×40mL+R22×32mL,2.0
LARGEDISSECTINGBOARDBLUE,1.0
LASERPRINTERHPP1102,1.0
LCDDISPLAY,3.0
LDH(IFCC),1.25
"LDHKIT(800,CE,LDH1104)R1:4×42mL?R2:4×12mL",1.1428571428571428
LDHKITR14×35mL+R22×18mL,1.0
LDL-CHOLESTEROL4*40ml+2*28ml,1.5384615384615385
LDL-CHOLESTEROLDIRECT200-250TESTS[Biolabo/France],31.0
LDLCHOLESTEROL,0.3333333333333333
LDLCHOLESTEROL125T,0.2
LEISHMAN'SSTAIN500ML,3.0
LEISHMAN’SSTAINPOWDER25G,2.0
LI+ELECTRODE,1.0
LIGHTMETER,1.0
"LIGHTMICROSCOPE(PRIMOSTARFULLKOEH.FOV20,BINOCULARMICROSCOPE)",1.0
LIPIDSCALIBRATOR5×1mL,1.2857142857142858
LIPIDSCONTROLN,0.5
LIPOTROL5X3ML,1.5
LIPOTROLHDL/LDLABNORMAL,1.0
LITHIUMMICROVOLUMEELECTRODE,1.1666666666666667
LOWPROFILEBLADEHOLDER,1.0
LimbElectrodes(ADULTLIMB/CLIPELECTRODEFORCAREWELL04NOS),19.0
M-18DDILUENT20L,13.863636363636363
M-18EE-ZCLEANSER(100ML/BOTTLE),7.428571428571429
M-18PPROBECLEANSER17MLBOTTLE,4.526315789473684
M-50CLEANSER1L,0.6666666666666666
M-50DDILUENT20L,15.375
M-50LBALYSE1L,7.428571428571429
M-50LEO(1)LYSE1L,3.3
M-50LEO(11)LYSE500ML,0.3333333333333333
M-50LHLYSE500ML,5.666666666666667
M-50PPROBECLEANSER50ML,3.75
M-52DDILUENT20L,17.659574468085108
M-52DIFFLYSE4X500ML,5.380952380952381
M-52DIFFLYSE500ML,20.723076923076924
M-52DIFFLYSE500MLX4,8.28125
M-52LHLYSE100ML,19.34328358208955
M-52LHLYSE100MLX4,8.657142857142857
M-52LHLYSE4X100ML,5.404761904761905
M-53CLEANSER1L,4.888888888888889
M-53DDILUENT20L,33.048611111111114
M-53LEO(I)LYSE1L,25.773972602739725
M-53LEO(II)LYSE400ml,10.694915254237289
M-53LHLYSEIL,11.467213114754099
M-53PPROBECLEANSER50ML,7.173913043478261
M-58DDILUENT20L,43.50909090909091
M-58LBALYSE1L,26.603896103896105
M-58LBALYSE1LX4,16.666666666666668
M-58LBALYSE4X1L,25.0
M-58LEO(I)LYSE1L,26.026490066225165
M-58LEO(I)LYSE1LX4,25.0
M-58LEO(II)LYSE500ML,14.47787610619469
M-58LEO(II)LYSE500MLX4,5.0
M-58LHLYSE4X500ML,10.0
M-58LHLYSE500ML,29.488505747126435
M-58LHLYSE500MLX4,25.0
M-68DRDILUENT(1L),5.34375
M-68DRDILUENT(1LX4),-1.1111111111111112
M-68DSDILUENT(20L),31.728813559322035
M-68FDDYE(12ML),23.2
M-68FDDYE(12MLX4),5.109090909090909
M-68FDDYE(4X12ML),16.666666666666668
M-68FNDYE(12ML),5.909090909090909
M-68FNDYE(12MLX4),-1.2222222222222223
M-68FNDYE(4X12ML),1.0
M-68FRDYE(12ML),4.722222222222222
M-68FRDYE(12MLX4),-0.42857142857142855
M-68FRDYE(4X12ML),2.0
M-68LBLYSE(1L),28.385714285714286
M-68LBLYSE(1L*4),2.5
M-68LBLYSE(1LX4),7.086956521739131
M-68LBLYSE(4X1L),9.166666666666666
M-68LDLYSE(1L),27.265822784810126
M-68LDLYSE(1L*4),5.0
M-68LDLYSE(1LX4),6.9
M-68LDLYSE(4X1L),12.6
M-68LHLYSE(1L),17.92452830188679
M-68LHLYSE(1LX4),2.3333333333333335
M-68LHLYSE(4X1L),3.6
M-68LNLYSE(1L),6.457142857142857
M-68LNLYSE(1LX4),-0.3333333333333333
M-FCBROTHBASE,2.0
MA-CONKEYAGAR(WITHCRYSTALVIOLET),1.0
MACCONKEYAGARW/OCV&NACL500G,9.0
"MACCONKEYAGARW/OCV,NACLW/BILESALTS0.5%",3.0
"MACCONKEYAGARW/OCVW/0.15%BILESALTS,500G",2.0
"MACCONKEYBROTHW/NEUTRALRED,500G",50.0
MAGLUMIREACTIONMODULES,1.0
MAGLUMITROPONINI,1.0
MAGLUMIWASHCONCENTRATE,1.0
MAGNESIUM12*20ML,0.9
MAGNESIUM2X200ML,1.7142857142857142
MAGNESIUM8*10ML,1.0
MAGNESIUMR6×40mL,1.0
MAGNETICSTIRRER,1.0
MAGNETICSTIRRERWITHAHOTPLATE(MAGNETICSTIRRERWITHAHOTPLATEAREC230V),1.0
"MAGNETICSTIRRINGBAR,60X9MM",1.0
MAGNIFIERASSEMBLY,1.0
MAGNIFIERONFLEXIBLEARM,1.0
MAGNISIUMKITR4×40mL,1.3333333333333333
MAINAIRSYSTERMDUCTADAPTERKIT,1.0
MALBCAL.KIT,1.4545454545454546
MALBCAL.KIT1×5levels×1mL,2.0
MALBCONTROLKIT,1.9333333333333333
MALBCONTROLKIT1×1level×1mL,2.3333333333333335
MALBKIT,1.6
MALBKITR1:3×36mL+R2:1×20mL,2.4
"MAMBRANEFILTRATIONAPPARATUS(MULTIVAC600-MB-T,VACUUMFILTRATION)",1.0
MANUALROTARYMICROTOME,1.0
MEDICALREFRIGERATOR(BOTTLECOOLERTYPE),2.5
MEDICALREFRIGERATOR(PHARMACYREFRIGERATOR),2.0
MEMBRANEFILTERS-PALLGLASSFIB.FILTER(47MM/1IM),1.0
MERESAAGARBASE,8.0
METHANOLR.G.PEBOTTLE.REAGACSRE,12.5
MG0104MGKIT(4*45)R4×45mL,1.2222222222222223
MICROALBUMIN(MALBKIT)R1:3×36mL+R2:1×20mL,6.0
MICROALBUMIN2*18mL+2*5mL,1.0
MICROALBUMINCALIBRATIONKIT5X1ML,1.5
MICROALBUMINCONTROL,1.8
MICROALBUMINETURBIDIMETRICIMMUNOASSY,5.181818181818182
MICROALBUMINR1:2×18mL+R2:2×5mL+Cal:5×1mL,1.7142857142857142
MICROALBUMINR1:3×36mL+R2:1×20mL+Calibrator5×1mL,2.0
MICROALBUMINSTANDARDSUPERHIGH,2.0
MICROALBUMINTURBIDIMETRICIMMUNOASSAY2X50ML+1X10,11.6
"MICROCENTRIFUGETUBE,1.5ML",1339.53125
"MICROCENTRIFUGETUBE,DNASEANDRNASEFREE,1.5ML1000PCS",1.0
"MICROCENTRIFUGETUBE,GRADUATED,WITHSAFETYLOCK",442.85714285714283
"MICROCENTRIFUGETUBE,WITHSAFE-LOCK,AUTOCLAVABLE",350.0
"MICROCENTRIFUGETUBE,WITHSAFE-LOCK,AUTOCLAVABLE1.5ML",200.0
"MICROCENTRIFUGETUBES,0.5ML,POLYPROPYLENE",642.8571428571429
"MICROCENTRIFUGETUBES,0.5ML,POLYPROPYLENE500PCS",6.0
"MICROCENTRIFUGETUBES,2ML,POLYPROPYLENE",50.0
MICROCTRIFUGETUBEP.P.-1.5ML,170.0
MICROCUVETTES,240.2
MICROCUVETTES100PCS,1.5
MICROHAEMATOCRITCENTRIFUGE(HEMATOCRITCENTRIFUGEWITHLEDDIGITALTIMER),3.0
MICROHAEMATOCRITMACHINE(HEMATOCRITCENTRIFUGEWITHLEDDIGITALTIMER),100.0
MICROHEMATOCRIT,1.0
MICROHEMATOCRITCENTRIFUGE,3.0
MICROHEMATOCRITTUBES-HEPHARANIZED100PC/BOTTLE,100.0
MICROHEPARINISE(GLASSTUBE)(FORPVC)100Nos,0.0
"MICROSCOPE(PRIMOSTARFULLKOEH.FOV20,BINOCULARMICROSCOPE)",1.0
MICROSLIDES,500.0
MICROTOME,1.0
MICROTOME(HM355SMICROTOMEELECTRONIC100-240V50/60HZINCLUDESUNICASSETTECLAMP),1.0
MINDRAYQC-LOW(3.5ML),1.1395348837209303
MINDRAYQCHIGH(3.5ML),1.1395348837209303
MINDRAYQCNORMAL(3.5ML),1.1428571428571428
MINICAPHBA1C,1.619047619047619
MINICAPHEMOGLOBIN(E),2.0
MINICAPIMMUNOTYPING,1.3333333333333333
MINICAPPROTEIN(E),1.0
MINICAPPROTEIN(E)6,1.5
MINICENTRIFUGE(MICROCentrifugetuberotor&PCRStripRotor),1.0
MISSIONCONTROLLEVEL1-2-330X1.8ML,2.5833333333333335
MODULARBLOCKSTORINGCABINETS(WAXCABINETWITHLOCK),3.0
MRBUFFERSOLUTION,9.25
MRDETERGENTSOLUTION,4.0
MRNa/KCHECKSOLUTION(2*50ml),1.0
MRSERUMSTANDARD(h&l)(2*100ML),1.8333333333333333
MULTI-SYST.HbA1cCAPI.CTL(2),1.6
MULTICALIBRATOR,3.0
MULTICALIBRATOR10X5ML,1.9393939393939394
MULTICALIBRATOR10x5ML,1.0
MULTICALIBRATOR5ML,3.5
MULTICALIBRATOR5ML(Biolabo/France),50.0
MULTICALIBRATOR5MLX10,2.0952380952380953
MULTICELLCUVETTES,6.0
"MULTICELLCUVETTES(1,000PCS=12,000TESTS)",4.3
MULTICELLCUVETTES(1000PCS=12000TESTS),5.2727272727272725
MULTICELLCUVETTES(25PCS=300TESTS),0.3333333333333333
MULTICHANNELECGMACHINE,3.0
MULTICONTROL1*1LEVEL*3ML,2.0
MULTICONTROLSERAN,7.333333333333333
MULTICONTROLSERAN10×5mL,1.8461538461538463
MULTICONTROLSERAN5ML,5.0
MULTICONTROLSERAN5mL,1.8888888888888888
MULTICONTROLSERAP,7.333333333333333
MULTICONTROLSERAP10×5mL,1.8461538461538463
MULTICONTROLSERAP5ML,5.0
MULTICONTROLSERAP5mL,1.8888888888888888
"MULTIPARAMETERWITHPROBES(COMPWATERQUAL,HQ40Dw/1MPROBE)",1.0
MULTIPARAMONITORS,4.0
"MULTIPARAMONITORSTD(8.4"")",6.666666666666667
"MULTIPARAMONITORSTD(8.4"")(WARRENTY:02YEARS)",2.0
MULTIPARAMONITORWITHNEONATALACCESSORIES,2.0
MULTISERACALIBRATOR,7.333333333333333
MULTISERACALIBRATOR10×3mL,1.5769230769230769
MULTISERACALIBRATOR3ML,5.0
MULTISERACALIBRATOR3mL,3.3333333333333335
Microalbumin3*36mL+1*20mL,3.0
"Microcentrifugetube,1.5ml",1200.0
"NEG50,2X40Z",2.5
"NEG50,2X40Z(EMBEDDINGMEDIUM-NEGROSINGGEL)2*118ML",2.0
"NEG50,2X40Z2*118ML",2.0
"NEG50,40Z118ML",1.0
NEUTRALIZINGSYSTEM,1.0
NIBPADULTCUFFWITHTUBESIZE25~35cm,6.0
NIBPCHILD/PEDCUFFWITHTUBE18~26cm,6.5
NIBPCUFF(ADULT),4.0
NIBPCuffandtubesetAdult(NIBPADULTCUFFWITHTUBESIZE25~35cm),2.5
NIBPINFANTCUFFWITHTUBE10~19cm,6.142857142857143
NIBPNEONATALCUFFWITHTUBE6~9cm,8.0
NIBPcuffAdult(NIBPADULTCUFFWITHTUBESIZE25~35cm),20.0
NIBPcuffNeonatal(NIBPNEONATALCUFFWITHTUBE6~9cm),3.0
NIBPcuffPediatric(NIBPCHILD/PEDCUFFWITHTUBE18~26cm),6.0
NIT1NIT2REAGENT,5.0
"NITRAVER®5NITRATEREAGENTPOWDERPILLOWS,10ML100PCS",10.0
"NITRIVER®3NITRITEREAGENTPOWDERPILLOWS,10ML100PCS",10.0
NONCOMBUSTIBLEGASVALVE,1.0
NOTROL-10x5ML,2.0
NOTROL-5MLX10,1.0
NOTROL-5MLX10VL,1.5666666666666667
NOTROL-5MLX1VL,2.0
NUTRIENTAGAR500G,2.0
NUTRIENTBROTH500G,2.0
NaELECTRODE,1.0
Naelectrode,0.3333333333333333
"Neutralizer,4.5kg",5.0
"OBJECTIVE""A-PLAN""10X/0.25M27",1.0
OBJECTIVEA-PLAN100x/1.25OILM27,1.0
OBJECTIVEA-PLAN40x/0.65M27,1.0
OBJECTIVEA-PLAN5x/0.12M27,2.0
ONEYEARSPAREPARTPACKAGE,1.0
"ORGANIZEDWORKSTATIONFORTHEGROSSEXAMINATION&SECTIONING(GROSSLABSTANDALONE,EXTERNAL)",1.0
ORGANIZEDWORKSTATIONFORTHEGROSSEXAMINATION&SECTIONINGOFSPRCIMENS(OVERHEADFUMECUPBOARD),1.0
OTALPROTEININURINE/CSF(TPUC)3*18MLCALIBRATOR1*1ML,1.0
P-DIMETHYLAMINOBENZALDEHYDE,2.0
P0103PhosphorusKit(6*40ml)R6×40mL,1.0
P0104PKIT(4*45)R4×45mL,1.6
"PANINDICATORSOLUTION,0.1%,100ML(SHELFLIFE:60MONTHSFROMTHEDATEOFMANUFACT",8.0
PAPERROLL-ECG(50MMX20MM),30.0
"PARERTHERMALPRINTER,AVL91XX/98X",5.8
"PARERTHERMALPRINTER,AVL91XX/98X5PCS",2.3333333333333335
"PASTEURPIPETTES,POLYETHYLENE,3ML",425.0
PATIENTCABLE(10LEADPATIENTCABLEFORECGRECORDERS),1.0
PBTPNUTN.42,2.6666666666666665
PHARMACEUTICALGRADEREFRIGERATOR(PHARMACYREFRIGERATOR),4.0
PHARMACEUTICALREFRIGERATOR(PHARMACYREFRIGERATOR),1.0
PHARMACEUTICALREFRIGERATORS,2.0
PHARMACYREFRIGERATOR,3.0
PHBUFFERPOWDERSET,1.0
PHELECTRODEST320,1.0
PHMETER,-1.0
PHMETER(HQ11DPORTABLESTARTERPACKGEWITHPHC201pH),0.0
PHMETER(SENSION+PH3LABORATORYPHKITWITH5021T),1.0
PHMICROVOLUMEELECTRODE,1.0
PHMeterWithElectrodeStand(3100METERWITHST3103-IN-1PLASTIC),1.0
PHOSPHOROUS(INORG.)U.V.2X125ML,2.125
PHOSPHORUS6*18ML,0.9
PHOSPHORUS8X10ML,1.0909090909090908
PHOSPHORUSKITR4×40mL,1.2857142857142858
"PHOSVER®3PHOSPHATEREAGENTPOWDERPILLOWS,10ML100PCS",10.0
PIPETTE145MCLFIXEDVOLUME,1.0
PIPETTE280MCLFIXEDFORVITEC,1.0
"PIPETTETIPS,1000UL,AUTOCLAVABLE",4125.0
"PIPETTETIPS,2-200UL",652.5
PIPINGKIT,1.0
PLASTICREAGENTVESSEL20ML(16PCS)(ThermoFisherScientificoy'/Finland),0.3333333333333333
PLATELETSCALESET(650NM),1.0
PORTABLEPHMETER,7.0
"POSACONAZOLEEZYMICTMSTRIP(0.002-32MCG/ML),120ST",1.0
"POTASSIUMFERROCYANIDETRIHYDRATE,PURE,500G",1.0
POTASSIUMMICROVOLUMEELECTRODE,0.7272727272727273
POTASSIUMPERMANGANATEFILTER,1.0
PRECISIONBALANCE(ELECTRONICTOPLOADINGBALANCEMODEL-PA4202),1.0
PRESSUREGAUSE,2.0
PRETREATMENTMODULEWITHROMEMBERANCE6L/HR,1.0
PRINTER,1.0
PRINTERDOTMATRIXLQ310,1.6551724137931034
PRINTERHPLASERJETP2035,1.8823529411764706
"PRINTERPAPER,SETOF4ROLLS",1.0
PRINTERPAPERROLL50MM,85.0
PRINTERPAPERROLLS110MM,85.6923076923077
PRINTERPAPERROLLS110MMX30,20.0
PROBECLEANSER(17ml)(PackSize17ml)[Mindray/China],8.0
PROBECLEANSER(50ML),6.696774193548387
PROBECLEANSER(50ML)(Mindray-China),10.0
PROBECLEANSER(50ML)(Mindray/China),14.0
PROBECLEANSER(5ML),1.0
PROBECLEANSER12X17MLBOTTLE,1.0
PROBECLEANSER17MLBOTTLE,5.873563218390805
PROBECLEANSER17MLX12BOTTLE,2.0
PROBECLEANSER50ML,8.426573426573427
PRPCENTRIFUGE,1.0
"PUMPTUBING,",1.0
QC(SG-LEVEL1)8ML,1.6
QC(SG-LEVEL2)8ML,1.8
QC(SG-LEVEL3)8ML,1.8
QC(TURBIDITY-LEVEL2)8ML,1.8
"QMSAMIKACINCALIBRATORSLEVELA-F,6X1ML",1.0
QMSAMIKACINREAGENT130T,1.0
QMSTACROLIMUSCALSET6X3ML,1.5
"QMSTACROLIMUSRGT,22ML&8ML",2.5
QMSVAMCOMYCINREAGENTS(22MLR1+22MLR2),1.0
QMSVANCOMYCINCALIBRATOR,1.0
R11×38mL+R21×10mL,2.0
RBCPIPETTESUPERIOR,1.0
REACTIONCUVETTES(12X96),1.0
READERALUMINIUMSTANDARDACCESSORIES,1.0
READERFORKHT-410E,2.0
REAGENTBOTTLE(40MLLONG),20.0
REAGENTBOTTLE(BROWN)40ML,50.0
REAGENTBOTTLEB20ML,50.0
REAGENTBOTTLECAP(RED),51.333333333333336
REAGENTBOTTLECAP(WHITE),54.333333333333336
REAGENTCONTAINER22.5MM,3.0
REAGENTVESSEL60ML(12PCS)PACK,1.0
REAGENTVESSELPACK(16PCS),2.0
RECHARGEABLEBATTERY,4.0
RECHARGEBLEBATTERYCPM-9000,1.0
RECHARGEBLEBATTERYOFCPM-9000,7.0
RECHARGEBLEBATTERYPACK,1.0
RECPTCLESGLABJR230,1.0
"REDUCTIONADAPTOR,EACHWITHCAPACITYOF1*50MLCAPACITY4*50ML",4.0
"REDUCTIONADAPTOR,EACHWITHCAPACITYOF3*30MLCAPACITY12*30ML",4.0
REFELECTRODE,0.3333333333333333
REFELECTRODESOLUTION5ML,0.6923076923076923
REFERENCEELECTRODEKIT,0.7272727272727273
REFRACTOMETER,1.0
REFRIGERATOR(PHARMACYREFRIGERATOR),-1.0
REVOLUTIONARYGENERALPURPOSELABO.CENTRIFUGE,1.0
RF0103RFKIT(2X40ML+2X15ML+,1.0
RFCONTROL5XLML,1.0
"RFIIKIT(300,CE,CAL)",2.0
RHEUMATOIDFACTOR(FR0TURBIDIMETRICIMMUNOASSAY1X10+1X50ML,1.75
RHEUMATOIDFACTOR**(CANDQ)R12×40mL+R22×15mL+Calibrator5×0.5mL+Qu,1.5
RHEUMATOIDFACTOR100TEST,1.5
"RHEUMATOIDFACTORS2,2X6ML",1.0
RINSE(20L/TANK),7.256410256410256
RINSE(20L/TANK)(PackSize20L)[Mindray/China],12.0
RINSESOLUTION3X1.25L,3.0
ROLLERMIXER(ROLLERMIXTURE),2.0
ROLLERMIXTURE,2.9
ROSOLICACID(0.1GMPERVIAL),2.0
"ROTARYMICROTOMEHIGHPROFILE(HM325ROTARYMICROTOMEE,INCLUDESUNICASSETTE)",1.0
ROTATOR(ORBITALSHAKER),1.0
ROTORF-2415(107059),4.0
RYEL'STUBES,6.0
ReactioncuvetteforBS-380/400/480,1.3333333333333333
ReferenceElectrode,1.0
RheumatoidFactor**(CandQ),4.0
SABOURAUDDEXTROASEAGAR500G,1.0
SAFETYCABINETFORCHEMOTHERAPY(CYTOTOXICSAFETYCABINETGLOVEFASTCYTO2-6-4),1.0
SALINEDISPENSER1-10ML,2.0
SALINESOLUTION3X50MLFORVIK2,4.0
SAMPLECUP0.5ML,525.1851851851852
SAMPLECUP0.5ML(1000PCS),1.6
SAMPLECUP0.5ML(1000PCS)(ThermoFisherScientificoy'/Finland),3.0
SAMPLECUP0.5ML(1000PS),1.0
"SAMPLECUP0.5ML1,000PCS",2.0
SAMPLECUP0.5ML1000PCS,2.0869565217391304
SAMPLECUPS2.0ML(1000PCS)(ThermoFisherScientificoy'/Finland),1.6
SAMPLECUPS2ML1000PCS,0.6
SAMPLERACKNONBARCODED,1.25
SAS-MXSERUMPROTEINKIT(100TESTS),1.25
SCAL10X3ML,2.0
SCAL3MLX10,1.4594594594594594
SCAL3MLX10VL,1.3103448275862069
SCAL3MLX1VL,4.5
SCALPVEINSIZE18,6.0
SCALPVEINSIZE20,6.0
SCALPVEINSIZE21,6.0
SCALPVEINSIZE22,6.0
SCALPVEINSIZE23,6.0
SCALPVEINSIZE24,6.0
SELECTIONHIGH,1.6666666666666667
SELECTIONLOW,1.6666666666666667
SEMIAUTOMATED/COAGULATIONANALYSER(4CHANNEL),2.0
SEMIAUTOMATEDBIOCHEMISTRYANALYSER(EVOLUTION3000),1.0
SEMIAUTOMATEDBIOCHEMISTRYANALYZER(BA-88ASEMIAUTOCHEMISTRYANALYZER),2.0
SEMIAUTOMATEDCOAGULATEANALYZER(2CHANNEL),6.0
SEMIAUTOMATEDCOAGULATIONANALYSER(M-4FOURCHANNELCOAGULATIONANALYSER),22.0
SEMIAUTOMATEDURINEANALYZER(H100URINESTRIPSREADER),1.0
SEROLOGICALANDIMMUNOLOGYANALYZER,4.0
SERUM/URINEPROTEINELECTROPHORESISIMMUNOTYPINGANDHBA1CANALYSIS.FULLYAUTOMATEDANALYZER,1.0
SERUMDECONTROL(1ML),1.0
SERUMDECONTROL(5*1ML),1.1818181818181819
SERUMELECTRLYTEANALYZER,3.0
SERUMELECTRLYTEANALYZERWITHSTARTKIT,1.0
SERUMELECTROLYTEANALYZER(SMARTLYTEELECTRLYTEANALYZERWITHSTARTKIT),2.0
SERUMIRONCOLORIMETRICMETHOD[FEKIT(4*40ML+2*16ML+QC&CALINCLUDED)],1.0
SETOF4INSERTFOR2MLMICROTUBES,1.0
SETOF4INSERTSFOR15MLGLASSTUBES,11.833333333333334
SETOF4METALBUCKETSFOR5/7MLVACUTAINER(LONG),1.2
SETOF4METALBUCKETSWITHBIO-SAFETYCAP,2.0
SETOF4METALCARRIERSFORR-230EACHWITH200ML,5.0
SETOF4REDUCTIONADAPTORWITHCAPACITY7X15ML,20.0
SGCALIBRATOR8ML,1.25
SHAKER(ORBITALSHAKER),1.0
SHEATHLIQUID20L,12.5
SHORTREAGENTBOTTLE-BROWN,20.0
SINGLECUVETTE500PCS,1.0
SLIDEFILLINGCABINET(SLIDESTORAGECABINETWITHLOCK),1.0
SLIDESTORAGECABINET(WARRENTY:05YEARS),2.0
SLIDESTORAGECABINETWITHLOCK,3.0
SLIDESTORINGCABINET,1.5
SLIDESTORINGCABINET(SLIDESTORAGECABINETWITHLOCK),1.0
SLIDEWARMER,1.0
SMARTLYTEELECTRLYTEANALYZERWITHSTARTKIT,1.0
SODIUMDIHYDROGENORTHOPHOSPHATE,1.0
"SODIUMHYDROXIDEPELLETS,PURIFIED",10.0
SODIUMMICROVOLUMEELECTRODE,0.6153846153846154
"SODIUMNITROPRUSSIDE.2H2O,PURISS.P.A.,100GACSREAGENT,REAG.PH.EUR.,REAG.PH.EUR.,?99%",5.0
SOLNLAVAGEHYDRASYS(10),1.0
SOLUTIONCLEANINGAAVL91XX-100ML,3.1627906976744184
SOUNDMETER,1.0
"SPANDREAGENTFORFLUORIDE,500ML",2.0
SPAREGASKET,16.75
SPAREHEATERFORPOBEL,1.0
SPAREHEATERFORPOBEL710,3.5
SPAREHEPHARANIZEDTUBES100PC/BOTTLE,34.44444444444444
SPECICAL,1.0
SPECIFICPROTEINSCALIBRATOR,1.0
SPECIFICPROTEINSCALIBRATOR5×1Ml,1.1805555555555556
SPECIMENLABLE(BARCODELABEL),500.0
SPECITROL,1.0
SPECTROPHOTOMETER(SPECTRONIC200),1.0
SPO2ADULTPROBE,0.6666666666666666
SPO2SENSOR(ADULT),1.0
SPO2SENSORADULT,2.0
SPO2SENSORADULT(SPO2SENSORPROBE(ADULT)-5PIN),3.0
SPO2SENSORNEONATAL(SPO2SENSORPROBE(INFANT/NEONATE)-5PIN),1.0
SPO2SENSORPROBE(ADULT)-5PIN,5.125
SPO2SENSORPROBE(CHILD/PED)-5PIN,7.0
STABILIZER,5.0
STAININGRACK,0.0
STAINLESSSTEELRACKS,12.0
STANDARDSOLUTION,4.333333333333333
STERILEFILTERFOROUTPUTWATER,1.0
STERILEPRPBLOODSEPERATION,2.0
"STERILEURICOLFORURINESAMPLECOLLECTION,50ML500PCS",12.0
STERILIEOVERFLOW,1.0
"STERILIZERLAB,DRAGON320,220V/50HZ",1.0
STIRRINGMAGNETS,3.5
STSTBASEMOULDS-10X10MM5MMDEEP10/PK,2.0
STSTBASEMOULDS-24X24MM5MMDEEP10/PK,3.0
STSTBASEMOULDS-24X30MM9MMDEEP,3.0
STSTBASEMOULDS-24X37MM9MMDEEP,2.0
SUCTIONCATHETERSSIZE10,12.0
SUCTIONCATHETERSSIZE12,12.0
SUCTIONCATHETERSSIZE16,12.0
SUCTIONCATHETERSSIZE18,12.0
SUCTIONCATHETERSSIZE8,12.0
"SULFAVER4,SULFATERGT100PCS",10.0
"SULFIDE1REAGENT,100MLMDB",1.0
"SULFIDE2REAGENT,100MLMDB",1.0
"SULFURICACID-PURISS.P.A.2.5L,GLASSBOTTLE",2.0
SUPPORTDEMAINTIEN1'S,50.0
SURGICALGLOVES71/2,300.0
SURGICALGLOVESSIZE61/2,300.0
SYST.DEDIALYSECAPILLARYS,1.5
SpO2sensorAdult(SPO2SENSORPROBE(ADULT)-5PIN),10.0
SpO2sensorPediatric(SPO2SENSORPROBE(CHILD/PED)-5PIN),4.0
T.I.B.C.30TESTS,4.0
TANK(30L),1.0
TDAREAGENT,4.0
"TDMMULTI-CAL,ANTIBIOTIC",1.0
"TEACHINGMICROSCOPE(DUALHEAD)MICROSCOPESTANDAXIOLAB,5xH,MECHANICALSTAGE)",2.0
"TECALN,10X1ML",1.3333333333333333
"TECALN,1ML",1.6666666666666667
TECH-1.2KVALINEINTERACTIVEOFFLINEUPS,2.0
"TECLOTAPPT-S,KIT25",2.4444444444444446
"TECLOTAPPT-S,KIT255x5ml",5.0
"TECLOTAPPT-S,KIT50",3.5
TECLOTFBKIT-10,1.0
TECLOTLACONFIRM10*1ML,1.0
"TECLOTPT-S,10x4ML",1.0
"TECLOTPT-S,2ML",1.0
"TECLOTPT-S,5x2ML",8.181818181818182
TECLOTPT-S10X10ml,50.0
TECLOTPT-S10x4ML,9.0
"TECLOTTT,10X2ML",1.75
"TECLOTTT,2ML",1.0
"TECONTROLA,10X1ML",1.7142857142857142
"TECONTROLA,1ML",1.0
TECONTROLN;10X1ML,1.6666666666666667
TECONTROLN;1ML,1.0
TEClotLASCREEN10x2ml,1.0
TENCELLCUVETTES,2.0
"TENCELLCUVETTES,10,800TESTS",3.3333333333333335
"TENCELLCUVETTES,10800TESTS",2.186046511627907
"TESTTUBE,BOROSILICATEGLASS-16X160MM",3.0
TESTTUBE13x75mmWITHBLOODGREENCAP,1666.6666666666667
TESTTUBE5MLWITHSTOPPER,7690.151515151515
TESTTUBERACK13MMX40,5.666666666666667
TESTTUBERACK18MMX40,0.8
TG0103TRIGLYCERIDESKIT(6*40ml)R6×40mL,1.3529411764705883
TG0103TRIGLYCERIDESKITR6×40mL,10.0
TG0103TriglyceridesKit(6*40ml)R6×40mL,3.5
THERMALPRINTER,8.333333333333334
THREEPARTHEMATOLOGYANALYSER,1.0
THREEPARTHEMATOLOGYANALYZER,1.0
THREEPARTHEMATOLOGYMACHINE(BC-30SAUTOHEMATOLOGYANALYSER),1.0
THROMBOPLASTINL(8x5ml)LiquidRabbitBrainThromboplastincont,2.0
THROMBOPLASTINL8X5ml,10.0
TIPS-CLEAR-NONSTERILISED-5ML,0.0
TISSUEEMBEDDINGSYSTEM,1.0
TISSUEFLOATINGBATH,1.0
TISSUEPROSSER(ExcelsiorAS),1.0
TOTAL&DIRECTBILIRUBIN(DMSO)2X200ML,5.133333333333334
TOTALBILIRUBIN(DMSO)2X200ML,3.4507042253521125
TOTALCHOLESTEROLKIT4*40ml,2.0
TOTALCHOLESTEROLKITR4×40mL,2.784313725490196
TOTALCHOLESTEROLKITR6×60mL,1.5833333333333333
TOTALCHOLESTEROLR6×40mL,1.9318181818181819
TOTALPROTEIN2X500ML,2.36
TOTALPROTEINBIURETMETHODREADYTOUSE1X200,3.5873015873015874
TOTALPROTEININUNRINE/CSF(TPUC),1.0
TOTALPROTEINKIT4*40MLR4×40mL,1.6756756756756757
TOTALPROTEINKITR6×60mL,2.0
TOTALPROTEINPLUS*10x60ML,0.4444444444444444
TOTALPROTEINPLUS12*20ML,1.0701754385964912
TOTALPROTEINR6×40mL,1.92
TPKITR1:1×17mL,1.0
TRANSFERRIN,10.0
"TRFKIT(300,CE,CONTAINSTD)",1.0
TRIGLYCERIDED12x20ML,1.0
TRIGLYCERIDES(GPO)10*100ML,2.0
TRIGLYCERIDES6x60ml,1.0
TRIGLYCERIDESGPO2X50ML,7.8441558441558445
TRIGLYCERIDESKIT4*40ML,1.0
TRIGLYCERIDESKIT4*40MLR4×40mL,2.8181818181818183
TRIGLYCERIDESKITR6×60mL,1.1666666666666667
TRIGLYCERIDESWITHSTANDARD100ML,1.0
TRILEVELQUALITYCONTROLKIT,1.0
TRIPLESUGARIRONAGAR500G,3.0
"TRIPODFORTHEBURNER(TRIPODSTAND,DIAMETER)",3.0
TROMBOPLASTIN-LI10X5ML,6.0
TSC244PRODESKTOPSTICKERLABEL&PAPERBOARDTAGPRINTER(THERMALTRANSFERBARCODEPRINTER),1.0
TUBECARRIERFOR1CO-OBSERVER,1.0
TUBES/CABSFORCONTROLS,78.0
TUBES/CABSFORCONTROLS(500),1.0
TUBESEALANT-ONEPC,10.0
TURBIDITYCALIBRATOR8ML,1.0
TURBIDITYCONTROL8ML,2.0
ThermalHeadPrinter(THERMALPRINTHEADASSAYFORECG-1101B/G),5.0
U.I.B.C.UnsaturatedIronBindingCapacity2*125ML,1.0
U/CSFPROTEIN8*20ML,1.2105263157894737
UA0103UricAcidKit(6*40ml+2*32ml)R16×40mL+R22×32mL,1.1428571428571428
UIBCCONTROL-PATHOLOGICAL1×1level×5mL,2.0
"UIBCKIT(300,CE,CONTAINSTD)",1.0
ULTRAPUREWATERSETCARTRIDGE,1.0
ULTRASENSIBLEPROTEIN(UrinaryProtein)(Biolabo/France)2X125ML,2.0
ULTRASENSIBLEPROTEIN(UrinaryProtein)2X125M,1.0
ULTRASENSIBLEPROTEIN(UrinaryProtein)2X125ML,1.7391304347826086
ULTRASENSIBLEPROTEINUrinaryProtein(Biolabo/France)2X125ML,0.0
UNRINEDILUENT500ML,1.0
UNSENSITIZEDTUBES,3000.0
UNSTIRREDBOILINGBATH(22LANALOG),1.0
UPSONLINE3KVA,0.8823529411764706
UREA10X60ML,3.227272727272727
UREA12x20ML,4.511904761904762
UREAKIT4x35ML+2x18ML,3.5
UREAKIT4x35ML+2x18MLR14×35mL+R22×18mL,3.1777777777777776
UREAKITR1:6×58mL?R2:3×32mL,3.1666666666666665
UREAR16×40mL+R22×32mL,3.0125
UREAU.V.HIGHLINEARITYKINETICMETHOD8x30ML,6.0
UREAU.V.KINETIC10X100ML,4.166666666666667
UREAU.V.KINETIC10X100ML[Biolabo/France],7.5
UREAU.V.KINETIC7X30ML,6.67816091954023
UREAU.V.KINETIC7x30ML,1.5
UREAU.V.KINETICHIGHLINEAARITY,1.4285714285714286
URICACID(AOX)8x20ML,0.86
URICACID(URICASE)6X30ML,2.212121212121212
URICACIDKIT4*40ML+2*20MLR14×40mL+R22×20mL,1.6666666666666667
URICACIDKITR16×60mL+R23×32mL,0.8888888888888888
URINALYSISCONTROLNEGATIVE8ML,2.4
URINALYSISCONTROLPOSITIVE8MLH-800,4.4
URINARYPLAIN,6.0
URINE10PARA,50.75
URINE2PARA,69.0
URINE2PARA100'S,110.0
URINEANALYZER(FUS2000UrineAnalyser),1.0
URINECHEMISTRYLEVEL1/LEVEL2,1.7142857142857142
URINECOLLECTIONBAGADULT,100.0
URINECOLLECTIONBAGPEDIATRIC,100.0
URINEH-14PARA,50.0
USBKEYBOARD,1.6666666666666667
USBMOUSE,1.6666666666666667
UTROL10*5ml,1.1428571428571428
UTROLHIGH5X10ML,0.7619047619047619
UrineMicroalbumininteststrips(DIRUIH14_Ca),4.0
VACCINESTORAGEREFRIGERATOR(ICELINEDREFRIGERATOR),1.0
VACUTAINERK2EDTATUBE2ml,2000.0
VACUUMTUBE13X75MMK3EDTAFOR2MLLAVENDERCAP,7166.666666666667
VACUUMVALVETAP-LONG,1.0
VASCULARDOPPLER(FETALDOPPLERWITH3MHZPROBE),1.0
VERTICALLAMINARFLOWCLEANBENCHWITHSTAND,1.0
VIDASAFP,1.0
VIDASAMH30TESTS,1.0
VIDASANTI-HBCTOTALII,1.3333333333333333
VIDASANTI-HCV60TESTS,1.2
VIDASANTIHBSTOTALII60T,0.5
VIDASAnti-TPO,10.666666666666666
VIDASBRAHMS,4.6
VIDASCA125II30TEST,1.45
VIDASCA19-9,1.5
VIDASCEAS,1.5555555555555556
VIDASFERRITINE60TEST,2.395348837209302
VIDASFPSA,0.2
VIDASFSH60TEST,1.1666666666666667
VIDASFT360TEST,2.7681159420289854
VIDASFT460TEST(PREVIOUSCATNO-30401),4.299270072992701
VIDASHBE/ANTI-HBE,4.0
VIDASHBSAGULTRA,2.5
VIDASHCG60TEST,1.8076923076923077
VIDASHIVDUOQUICK60TESTS,2.8
VIDASHSTROPONINI60TEST(PREVIOUSCATNO-30448),6.0
VIDASHSTROPONINI60TESTS,3.1666666666666665
VIDASLH60TEST,1.1666666666666667
VIDASPROGESTERONE60TEST,1.0
VIDASPROLACTINE60TEST,2.0
VIDASRUBIGM30TESTS,1.0
VIDAST360TEST,0.7
VIDAST4,1.1111111111111112
VIDASTESTOSTERONEII30TESTS,2.0
VIDASTOTAL25-OHVITAMINED60T,1.6666666666666667
VIDASTOXOIgM,1.0
VIDASTPSA60TEST,1.4545454545454546
VIDASTROPONINIULTRA60TEST,4.186046511627907
VIDASTSH360TEST,6.947019867549669
VIDASTSH60TEST,3.9375
"VORICONAZOLEEZYMICTMSTRIP(0.002-32MCG/ML),60ST",2.0
VORTEXMIXER,1.0
VP1VP2REAGENTS,4.0
"WASHER,SILICONERUBBER",2.6666666666666665
WASHFLUID8x20ML,1.2727272727272727
WASHINGSOLUTION4.5%(4X20ML),3.0
WASHINGSOLUTION4.5%4X20ML(ThermoFisherScientificoy'/Finland),2.0
WASHINGSOLUTION4.5%4x20ML,2.0
WASHINGSOLUTION4.5%_20ML,6.0
WASHINGSOLUTION4.5%_20MLX4,3.2
WASHINGSOLUTION4.5%_4X20ML,2.7794117647058822
WASHINGSOLUTION4.5%_4X20ML(ThermoFisherScientificoy'/Finland),1.0
WASHINGSOLUTION4.5%_4x20ML,2.75
WATERBATH,1.0
WATERBATH(TISSUEFLOATINGBATH),1.0
WATERBATH(WATERBATH22LWITHGABLELID),5.0
WATERBATH22L,-1.0
WATERBATH22LDIGITALWITHGABLELID,0.6666666666666666
WATERBATH22LWITHGABLELID,1.0
WATERBATHINCUBATOR(WATERBATH22LDIGITALWITHGABLELID),3.0
WATERDISTILL(WATERDISTILLATIONUNITMODEL710230V/50HZ/UK),1.0
WATERDISTILLATIONUNITMODEL710230V/50HZ/UKPL,1.0
WATERPURIFICATIONSYSTEM,1.0
WATERREFINERYFILTERANDSOFTENSYSTERM,1.0
WATERSTILL(WATERDISTILLATIONMACHINE),1.0
WATERSTILL(WATERDISTILLATIONUNITMODEL710230V/50HZ/UK),1.0
WATERTANK1000L,1.0
WATERTANK250L,1.0
WATERVALVETAP-LONG,1.0
WAXBLOCKSTORINGCABINET(WARRENTY:05YEARS),5.0
WAXBLOCKSTORINGCABINET(WAXCABINETWITHLOCK),1.0
WAXEMBEDDINGSYSTEM(HISTOSTAR),1.0
WBCPIPETTESUPERIOR,1.0
WEIGHINGMACHINEELECTRONIC,0.0
"WORKSTATION(GROSSLABSTANDALONE,EXTERNAL)",1.0
XYLOSE-LYSINEDEOXYCHOLATEAGAR(XLDAGAR)500G,1.0
YSTTESTKITVIK220CARDS,3.5
ZN(ZINCPOWDER),2.0
setof4metalbucketsfor15mlroundbottomGlass,3.090909090909091
setof4metalbucketswithBiosafetycap(L175),21.0
